"0","stan_data
"
"1","$N
"
"1","[1]"
"1"," 288"
"1","
"
"1","
"
"1","$A
"
"1","[1]"
"1"," 18"
"1","
"
"1","
"
"1","$B
"
"1","[1]"
"1"," 61"
"1","
"
"1","
"
"1","$Y_M
"
"1","  [1]"
"1","    0"
"1","    0"
"1","    1"
"1","    1"
"1","    4"
"1","   14"
"1","   17"
"1","   51"
"1","  147"
"1","  332"
"1","  446"
"1","  486"
"1","  743"
"1"," 1024"
"1"," 1006"
"1","  801"
"1","  554"
"1","  356"
"1","    0"
"1","    1"
"1","    0"
"1","    1"
"1","    3"
"1","    4"
"1","
"
"1"," [25]"
"1","   15"
"1","   55"
"1","  122"
"1","  287"
"1","  395"
"1","  489"
"1","  606"
"1","  998"
"1"," 1026"
"1","  838"
"1","  581"
"1","  419"
"1","    0"
"1","    0"
"1","    0"
"1","    2"
"1","    2"
"1","   10"
"1","   13"
"1","   57"
"1","  129"
"1","  275"
"1","  408"
"1","  422"
"1","
"
"1"," [49]"
"1","  534"
"1","  899"
"1"," 1045"
"1","  839"
"1","  621"
"1","  459"
"1","    0"
"1","    0"
"1","    1"
"1","    0"
"1","    3"
"1","   11"
"1","   11"
"1","   38"
"1","  108"
"1","  225"
"1","  325"
"1","  411"
"1","  466"
"1","  759"
"1","  967"
"1","  764"
"1","  593"
"1","  495"
"1","
"
"1"," [73]"
"1","    0"
"1","    1"
"1","    0"
"1","    1"
"1","    0"
"1","    5"
"1","   15"
"1","   38"
"1","   83"
"1","  179"
"1","  364"
"1","  354"
"1","  470"
"1","  669"
"1","  907"
"1","  819"
"1","  587"
"1","  467"
"1","    0"
"1","    0"
"1","    1"
"1","    1"
"1","    2"
"1","   10"
"1","
"
"1"," [97]"
"1","    9"
"1","   34"
"1","  101"
"1","  191"
"1","  339"
"1","  428"
"1","  445"
"1","  621"
"1","  926"
"1","  924"
"1","  670"
"1","  535"
"1","    0"
"1","    0"
"1","    0"
"1","    2"
"1","    0"
"1","    5"
"1","    6"
"1","   25"
"1","   60"
"1","  149"
"1","  342"
"1","  418"
"1","
"
"1","[121]"
"1","  468"
"1","  643"
"1"," 1053"
"1"," 1028"
"1","  728"
"1","  626"
"1","    0"
"1","    0"
"1","    1"
"1","    1"
"1","    1"
"1","    1"
"1","    9"
"1","   41"
"1","   64"
"1","  137"
"1","  330"
"1","  413"
"1","  512"
"1","  627"
"1"," 1013"
"1"," 1153"
"1","  822"
"1","  724"
"1","
"
"1","[145]"
"1","    0"
"1","    0"
"1","    0"
"1","    0"
"1","    1"
"1","    2"
"1","    7"
"1","   25"
"1","   46"
"1","  139"
"1","  282"
"1","  429"
"1","  421"
"1","  540"
"1","  897"
"1"," 1106"
"1","  830"
"1","  657"
"1","    0"
"1","    0"
"1","    0"
"1","    1"
"1","    3"
"1","    6"
"1","
"
"1","[169]"
"1","    6"
"1","   28"
"1","   53"
"1","  150"
"1","  276"
"1","  403"
"1","  455"
"1","  510"
"1","  842"
"1"," 1034"
"1","  815"
"1","  701"
"1","    0"
"1","    0"
"1","    1"
"1","    0"
"1","    6"
"1","    2"
"1","   10"
"1","   23"
"1","   43"
"1","  126"
"1","  254"
"1","  392"
"1","
"
"1","[193]"
"1","  462"
"1","  519"
"1","  732"
"1"," 1076"
"1","  857"
"1","  747"
"1","    0"
"1","    0"
"1","    0"
"1","    0"
"1","    4"
"1","    7"
"1","    6"
"1","   24"
"1","   55"
"1","  111"
"1","  219"
"1","  372"
"1","  428"
"1","  480"
"1","  648"
"1","  955"
"1","  861"
"1","  721"
"1","
"
"1","[217]"
"1","    0"
"1","    0"
"1","    0"
"1","    1"
"1","    4"
"1","    5"
"1","   10"
"1","   25"
"1","   38"
"1","  128"
"1","  172"
"1","  301"
"1","  408"
"1","  404"
"1","  549"
"1","  898"
"1","  856"
"1","  715"
"1","    0"
"1","    0"
"1","    0"
"1","    0"
"1","    4"
"1","    7"
"1","
"
"1","[241]"
"1","   12"
"1","   12"
"1","   30"
"1","   92"
"1","  185"
"1","  295"
"1","  412"
"1","  476"
"1","  543"
"1","  794"
"1","  793"
"1","  768"
"1","    0"
"1","    0"
"1","    0"
"1","    0"
"1","    1"
"1","   12"
"1","   16"
"1","   21"
"1","   33"
"1","   87"
"1","  192"
"1","  282"
"1","
"
"1","[265]"
"1","  372"
"1","  391"
"1","  509"
"1","  675"
"1","  777"
"1","  753"
"1","    0"
"1","    0"
"1","    0"
"1","    2"
"1","    4"
"1","    6"
"1","    7"
"1","   15"
"1","   41"
"1","   90"
"1","  167"
"1","  298"
"1","  350"
"1","  445"
"1","  501"
"1","  702"
"1","  845"
"1","  847"
"1","
"
"1","
"
"1","$Y_F
"
"1","  [1]"
"1","    0"
"1","    1"
"1","    0"
"1","    1"
"1","    6"
"1","   13"
"1","   16"
"1","   24"
"1","   36"
"1","   83"
"1","  116"
"1","  185"
"1","  355"
"1","  728"
"1"," 1066"
"1"," 1385"
"1"," 1108"
"1","  744"
"1","    0"
"1","    1"
"1","    1"
"1","    0"
"1","    8"
"1","    5"
"1","
"
"1"," [25]"
"1","   11"
"1","   27"
"1","   35"
"1","   58"
"1","  107"
"1","  174"
"1","  318"
"1","  686"
"1"," 1077"
"1"," 1326"
"1"," 1150"
"1","  820"
"1","    0"
"1","    0"
"1","    1"
"1","    2"
"1","    4"
"1","    5"
"1","   11"
"1","   26"
"1","   34"
"1","   73"
"1","  111"
"1","  139"
"1","
"
"1"," [49]"
"1","  260"
"1","  573"
"1","  937"
"1"," 1239"
"1"," 1130"
"1"," 1066"
"1","    1"
"1","    0"
"1","    2"
"1","    2"
"1","    6"
"1","    7"
"1","   11"
"1","   15"
"1","   41"
"1","   59"
"1","   92"
"1","  153"
"1","  234"
"1","  460"
"1","  857"
"1"," 1057"
"1"," 1044"
"1"," 1016"
"1","
"
"1"," [73]"
"1","    0"
"1","    0"
"1","    1"
"1","    1"
"1","    5"
"1","   10"
"1","   11"
"1","   13"
"1","   28"
"1","   58"
"1","   78"
"1","  130"
"1","  185"
"1","  419"
"1","  774"
"1","  986"
"1"," 1091"
"1"," 1008"
"1","    0"
"1","    0"
"1","    1"
"1","    0"
"1","    2"
"1","    4"
"1","
"
"1"," [97]"
"1","    8"
"1","   19"
"1","   25"
"1","   48"
"1","   77"
"1","  105"
"1","  191"
"1","  408"
"1","  723"
"1"," 1158"
"1"," 1180"
"1"," 1163"
"1","    0"
"1","    0"
"1","    2"
"1","    3"
"1","    3"
"1","    5"
"1","   11"
"1","   15"
"1","   33"
"1","   50"
"1","   84"
"1","  131"
"1","
"
"1","[121]"
"1","  188"
"1","  371"
"1","  715"
"1"," 1080"
"1"," 1187"
"1"," 1343"
"1","    0"
"1","    0"
"1","    1"
"1","    0"
"1","    1"
"1","    3"
"1","   12"
"1","   14"
"1","   38"
"1","   38"
"1","   87"
"1","  104"
"1","  175"
"1","  324"
"1","  757"
"1"," 1182"
"1"," 1369"
"1"," 1603"
"1","
"
"1","[145]"
"1","    0"
"1","    0"
"1","    0"
"1","    2"
"1","    2"
"1","    4"
"1","    6"
"1","   13"
"1","   24"
"1","   51"
"1","   66"
"1","  132"
"1","  159"
"1","  280"
"1","  691"
"1"," 1126"
"1"," 1327"
"1"," 1623"
"1","    0"
"1","    0"
"1","    0"
"1","    1"
"1","    3"
"1","    4"
"1","
"
"1","[169]"
"1","   10"
"1","   10"
"1","   27"
"1","   36"
"1","   61"
"1","  115"
"1","  162"
"1","  282"
"1","  583"
"1","  929"
"1"," 1358"
"1"," 1662"
"1","    0"
"1","    0"
"1","    0"
"1","    2"
"1","    4"
"1","    5"
"1","    7"
"1","    9"
"1","   17"
"1","   44"
"1","   58"
"1","  115"
"1","
"
"1","[193]"
"1","  135"
"1","  263"
"1","  537"
"1","  947"
"1"," 1375"
"1"," 1788"
"1","    0"
"1","    0"
"1","    0"
"1","    0"
"1","    0"
"1","    5"
"1","    6"
"1","    7"
"1","   18"
"1","   40"
"1","   52"
"1","   99"
"1","  136"
"1","  246"
"1","  378"
"1","  882"
"1"," 1256"
"1"," 1791"
"1","
"
"1","[217]"
"1","    0"
"1","    0"
"1","    1"
"1","    0"
"1","    4"
"1","    4"
"1","   10"
"1","    9"
"1","   17"
"1","   32"
"1","   55"
"1","   71"
"1","  129"
"1","  184"
"1","  319"
"1","  817"
"1"," 1183"
"1"," 1834"
"1","    0"
"1","    0"
"1","    2"
"1","    0"
"1","    3"
"1","    4"
"1","
"
"1","[241]"
"1","    4"
"1","   12"
"1","   22"
"1","   26"
"1","   52"
"1","   67"
"1","  133"
"1","  210"
"1","  294"
"1","  669"
"1"," 1086"
"1"," 1782"
"1","    0"
"1","    0"
"1","    2"
"1","    0"
"1","    2"
"1","    4"
"1","    7"
"1","    7"
"1","   13"
"1","   23"
"1","   39"
"1","   67"
"1","
"
"1","[265]"
"1","  112"
"1","  168"
"1","  267"
"1","  584"
"1","  963"
"1"," 1722"
"1","    0"
"1","    0"
"1","    0"
"1","    1"
"1","    4"
"1","    4"
"1","    5"
"1","    5"
"1","   20"
"1","   27"
"1","   50"
"1","   74"
"1","  113"
"1","  174"
"1","  261"
"1","  571"
"1","  943"
"1"," 1883"
"1","
"
"1","
"
"1","$OBS_IDX_M
"
"1","  [1]"
"1","    1"
"1","    2"
"1","    3"
"1","    4"
"1","    5"
"1","    6"
"1","    7"
"1","    8"
"1","    9"
"1","   10"
"1","   11"
"1","   12"
"1","   13"
"1","   14"
"1","   15"
"1","   16"
"1","   17"
"1","   18"
"1","   73"
"1","   74"
"1","   75"
"1","   76"
"1","   77"
"1","   78"
"1","
"
"1"," [25]"
"1","   79"
"1","   80"
"1","   81"
"1","   82"
"1","   83"
"1","   84"
"1","   85"
"1","   86"
"1","   87"
"1","   88"
"1","   89"
"1","   90"
"1","  145"
"1","  146"
"1","  147"
"1","  148"
"1","  149"
"1","  150"
"1","  151"
"1","  152"
"1","  153"
"1","  154"
"1","  155"
"1","  156"
"1","
"
"1"," [49]"
"1","  157"
"1","  158"
"1","  159"
"1","  160"
"1","  161"
"1","  162"
"1","  217"
"1","  218"
"1","  219"
"1","  220"
"1","  221"
"1","  222"
"1","  223"
"1","  224"
"1","  225"
"1","  226"
"1","  227"
"1","  228"
"1","  229"
"1","  230"
"1","  231"
"1","  232"
"1","  233"
"1","  234"
"1","
"
"1"," [73]"
"1","  289"
"1","  290"
"1","  291"
"1","  292"
"1","  293"
"1","  294"
"1","  295"
"1","  296"
"1","  297"
"1","  298"
"1","  299"
"1","  300"
"1","  301"
"1","  302"
"1","  303"
"1","  304"
"1","  305"
"1","  306"
"1","  361"
"1","  362"
"1","  363"
"1","  364"
"1","  365"
"1","  366"
"1","
"
"1"," [97]"
"1","  367"
"1","  368"
"1","  369"
"1","  370"
"1","  371"
"1","  372"
"1","  373"
"1","  374"
"1","  375"
"1","  376"
"1","  377"
"1","  378"
"1","  433"
"1","  434"
"1","  435"
"1","  436"
"1","  437"
"1","  438"
"1","  439"
"1","  440"
"1","  441"
"1","  442"
"1","  443"
"1","  444"
"1","
"
"1","[121]"
"1","  445"
"1","  446"
"1","  447"
"1","  448"
"1","  449"
"1","  450"
"1","  505"
"1","  506"
"1","  507"
"1","  508"
"1","  509"
"1","  510"
"1","  511"
"1","  512"
"1","  513"
"1","  514"
"1","  515"
"1","  516"
"1","  517"
"1","  518"
"1","  519"
"1","  520"
"1","  521"
"1","  522"
"1","
"
"1","[145]"
"1","  577"
"1","  578"
"1","  579"
"1","  580"
"1","  581"
"1","  582"
"1","  583"
"1","  584"
"1","  585"
"1","  586"
"1","  587"
"1","  588"
"1","  589"
"1","  590"
"1","  591"
"1","  592"
"1","  593"
"1","  594"
"1","  649"
"1","  650"
"1","  651"
"1","  652"
"1","  653"
"1","  654"
"1","
"
"1","[169]"
"1","  655"
"1","  656"
"1","  657"
"1","  658"
"1","  659"
"1","  660"
"1","  661"
"1","  662"
"1","  663"
"1","  664"
"1","  665"
"1","  666"
"1","  721"
"1","  722"
"1","  723"
"1","  724"
"1","  725"
"1","  726"
"1","  727"
"1","  728"
"1","  729"
"1","  730"
"1","  731"
"1","  732"
"1","
"
"1","[193]"
"1","  733"
"1","  734"
"1","  735"
"1","  736"
"1","  737"
"1","  738"
"1","  793"
"1","  794"
"1","  795"
"1","  796"
"1","  797"
"1","  798"
"1","  799"
"1","  800"
"1","  801"
"1","  802"
"1","  803"
"1","  804"
"1","  805"
"1","  806"
"1","  807"
"1","  808"
"1","  809"
"1","  810"
"1","
"
"1","[217]"
"1","  865"
"1","  866"
"1","  867"
"1","  868"
"1","  869"
"1","  870"
"1","  871"
"1","  872"
"1","  873"
"1","  874"
"1","  875"
"1","  876"
"1","  877"
"1","  878"
"1","  879"
"1","  880"
"1","  881"
"1","  882"
"1","  937"
"1","  938"
"1","  939"
"1","  940"
"1","  941"
"1","  942"
"1","
"
"1","[241]"
"1","  943"
"1","  944"
"1","  945"
"1","  946"
"1","  947"
"1","  948"
"1","  949"
"1","  950"
"1","  951"
"1","  952"
"1","  953"
"1","  954"
"1"," 1009"
"1"," 1010"
"1"," 1011"
"1"," 1012"
"1"," 1013"
"1"," 1014"
"1"," 1015"
"1"," 1016"
"1"," 1017"
"1"," 1018"
"1"," 1019"
"1"," 1020"
"1","
"
"1","[265]"
"1"," 1021"
"1"," 1022"
"1"," 1023"
"1"," 1024"
"1"," 1025"
"1"," 1026"
"1"," 1081"
"1"," 1082"
"1"," 1083"
"1"," 1084"
"1"," 1085"
"1"," 1086"
"1"," 1087"
"1"," 1088"
"1"," 1089"
"1"," 1090"
"1"," 1091"
"1"," 1092"
"1"," 1093"
"1"," 1094"
"1"," 1095"
"1"," 1096"
"1"," 1097"
"1"," 1098"
"1","
"
"1","
"
"1","$OBS_IDX_F
"
"1","  [1]"
"1","    1"
"1","    2"
"1","    3"
"1","    4"
"1","    5"
"1","    6"
"1","    7"
"1","    8"
"1","    9"
"1","   10"
"1","   11"
"1","   12"
"1","   13"
"1","   14"
"1","   15"
"1","   16"
"1","   17"
"1","   18"
"1","   73"
"1","   74"
"1","   75"
"1","   76"
"1","   77"
"1","   78"
"1","
"
"1"," [25]"
"1","   79"
"1","   80"
"1","   81"
"1","   82"
"1","   83"
"1","   84"
"1","   85"
"1","   86"
"1","   87"
"1","   88"
"1","   89"
"1","   90"
"1","  145"
"1","  146"
"1","  147"
"1","  148"
"1","  149"
"1","  150"
"1","  151"
"1","  152"
"1","  153"
"1","  154"
"1","  155"
"1","  156"
"1","
"
"1"," [49]"
"1","  157"
"1","  158"
"1","  159"
"1","  160"
"1","  161"
"1","  162"
"1","  217"
"1","  218"
"1","  219"
"1","  220"
"1","  221"
"1","  222"
"1","  223"
"1","  224"
"1","  225"
"1","  226"
"1","  227"
"1","  228"
"1","  229"
"1","  230"
"1","  231"
"1","  232"
"1","  233"
"1","  234"
"1","
"
"1"," [73]"
"1","  289"
"1","  290"
"1","  291"
"1","  292"
"1","  293"
"1","  294"
"1","  295"
"1","  296"
"1","  297"
"1","  298"
"1","  299"
"1","  300"
"1","  301"
"1","  302"
"1","  303"
"1","  304"
"1","  305"
"1","  306"
"1","  361"
"1","  362"
"1","  363"
"1","  364"
"1","  365"
"1","  366"
"1","
"
"1"," [97]"
"1","  367"
"1","  368"
"1","  369"
"1","  370"
"1","  371"
"1","  372"
"1","  373"
"1","  374"
"1","  375"
"1","  376"
"1","  377"
"1","  378"
"1","  433"
"1","  434"
"1","  435"
"1","  436"
"1","  437"
"1","  438"
"1","  439"
"1","  440"
"1","  441"
"1","  442"
"1","  443"
"1","  444"
"1","
"
"1","[121]"
"1","  445"
"1","  446"
"1","  447"
"1","  448"
"1","  449"
"1","  450"
"1","  505"
"1","  506"
"1","  507"
"1","  508"
"1","  509"
"1","  510"
"1","  511"
"1","  512"
"1","  513"
"1","  514"
"1","  515"
"1","  516"
"1","  517"
"1","  518"
"1","  519"
"1","  520"
"1","  521"
"1","  522"
"1","
"
"1","[145]"
"1","  577"
"1","  578"
"1","  579"
"1","  580"
"1","  581"
"1","  582"
"1","  583"
"1","  584"
"1","  585"
"1","  586"
"1","  587"
"1","  588"
"1","  589"
"1","  590"
"1","  591"
"1","  592"
"1","  593"
"1","  594"
"1","  649"
"1","  650"
"1","  651"
"1","  652"
"1","  653"
"1","  654"
"1","
"
"1","[169]"
"1","  655"
"1","  656"
"1","  657"
"1","  658"
"1","  659"
"1","  660"
"1","  661"
"1","  662"
"1","  663"
"1","  664"
"1","  665"
"1","  666"
"1","  721"
"1","  722"
"1","  723"
"1","  724"
"1","  725"
"1","  726"
"1","  727"
"1","  728"
"1","  729"
"1","  730"
"1","  731"
"1","  732"
"1","
"
"1","[193]"
"1","  733"
"1","  734"
"1","  735"
"1","  736"
"1","  737"
"1","  738"
"1","  793"
"1","  794"
"1","  795"
"1","  796"
"1","  797"
"1","  798"
"1","  799"
"1","  800"
"1","  801"
"1","  802"
"1","  803"
"1","  804"
"1","  805"
"1","  806"
"1","  807"
"1","  808"
"1","  809"
"1","  810"
"1","
"
"1","[217]"
"1","  865"
"1","  866"
"1","  867"
"1","  868"
"1","  869"
"1","  870"
"1","  871"
"1","  872"
"1","  873"
"1","  874"
"1","  875"
"1","  876"
"1","  877"
"1","  878"
"1","  879"
"1","  880"
"1","  881"
"1","  882"
"1","  937"
"1","  938"
"1","  939"
"1","  940"
"1","  941"
"1","  942"
"1","
"
"1","[241]"
"1","  943"
"1","  944"
"1","  945"
"1","  946"
"1","  947"
"1","  948"
"1","  949"
"1","  950"
"1","  951"
"1","  952"
"1","  953"
"1","  954"
"1"," 1009"
"1"," 1010"
"1"," 1011"
"1"," 1012"
"1"," 1013"
"1"," 1014"
"1"," 1015"
"1"," 1016"
"1"," 1017"
"1"," 1018"
"1"," 1019"
"1"," 1020"
"1","
"
"1","[265]"
"1"," 1021"
"1"," 1022"
"1"," 1023"
"1"," 1024"
"1"," 1025"
"1"," 1026"
"1"," 1081"
"1"," 1082"
"1"," 1083"
"1"," 1084"
"1"," 1085"
"1"," 1086"
"1"," 1087"
"1"," 1088"
"1"," 1089"
"1"," 1090"
"1"," 1091"
"1"," 1092"
"1"," 1093"
"1"," 1094"
"1"," 1095"
"1"," 1096"
"1"," 1097"
"1"," 1098"
"1","
"
"1","
"
"1","$AGE_IDX
"
"1"," [1]"
"1","  1"
"1","  2"
"1","  3"
"1","  4"
"1","  5"
"1","  6"
"1","  7"
"1","  8"
"1","  9"
"1"," 10"
"1"," 11"
"1"," 12"
"1"," 13"
"1"," 14"
"1"," 15"
"1"," 16"
"1"," 17"
"1"," 18"
"1","
"
"1","
"
"1","$TIME_IDX
"
"1"," [1]"
"1","  1"
"1","  2"
"1","  3"
"1","  4"
"1","  5"
"1","  6"
"1","  7"
"1","  8"
"1","  9"
"1"," 10"
"1"," 11"
"1"," 12"
"1"," 13"
"1"," 14"
"1"," 15"
"1"," 16"
"1"," 17"
"1"," 18"
"1"," 19"
"1"," 20"
"1"," 21"
"1"," 22"
"1"," 23"
"1"," 24"
"1"," 25"
"1"," 26"
"1"," 27"
"1"," 28"
"1"," 29"
"1"," 30"
"1"," 31"
"1"," 32"
"1"," 33"
"1"," 34"
"1"," 35"
"1"," 36"
"1"," 37"
"1"," 38"
"1"," 39"
"1"," 40"
"1"," 41"
"1","
"
"1","[42]"
"1"," 42"
"1"," 43"
"1"," 44"
"1"," 45"
"1"," 46"
"1"," 47"
"1"," 48"
"1"," 49"
"1"," 50"
"1"," 51"
"1"," 52"
"1"," 53"
"1"," 54"
"1"," 55"
"1"," 56"
"1"," 57"
"1"," 58"
"1"," 59"
"1"," 60"
"1"," 61"
"1","
"
"1","
"
"1","$P_M
"
"1","   [1]"
"1"," 1305387.28"
"1"," 1703551.64"
"1"," 1851155.73"
"1"," 1613190.65"
"1"," 1976618.32"
"1"," 1972287.64"
"1"," 2249428.42"
"1"," 2177406.25"
"1"," 2166486.43"
"1"," 1999516.95"
"1"," 1437076.32"
"1","
"
"1","  [12]"
"1"," 1143018.21"
"1","  925951.71"
"1","  759888.71"
"1","  494662.25"
"1","  265499.45"
"1","  137761.29"
"1","   58921.82"
"1"," 1287818.00"
"1"," 1686316.92"
"1"," 1850497.21"
"1"," 1621842.09"
"1","
"
"1","  [23]"
"1"," 1945486.98"
"1"," 1992072.99"
"1"," 2227718.41"
"1"," 2195240.44"
"1"," 2157573.02"
"1"," 2024374.81"
"1"," 1465078.37"
"1"," 1148179.70"
"1","  926817.77"
"1","  769441.74"
"1","  504858.39"
"1","
"
"1","  [34]"
"1","  269108.83"
"1","  139128.07"
"1","   60479.33"
"1"," 1271532.42"
"1"," 1668746.92"
"1"," 1848930.63"
"1"," 1630781.82"
"1"," 1915844.87"
"1"," 2010030.47"
"1"," 2206847.04"
"1"," 2211676.47"
"1","
"
"1","  [45]"
"1"," 2149735.50"
"1"," 2047521.16"
"1"," 1493021.50"
"1"," 1154024.63"
"1","  928454.66"
"1","  778608.52"
"1","  514878.20"
"1","  272974.13"
"1","  140558.41"
"1","   62056.81"
"1"," 1256525.52"
"1","
"
"1","  [56]"
"1"," 1650846.11"
"1"," 1846455.34"
"1"," 1640011.11"
"1"," 1887694.96"
"1"," 2026154.72"
"1"," 2186806.43"
"1"," 2226710.60"
"1"," 2142980.34"
"1"," 2068951.55"
"1"," 1520910.75"
"1"," 1160545.97"
"1","
"
"1","  [67]"
"1","  930866.00"
"1","  787385.91"
"1","  524722.16"
"1","  277095.08"
"1","  142052.64"
"1","   63654.60"
"1"," 1242792.31"
"1"," 1632618.93"
"1"," 1843070.70"
"1"," 1649531.23"
"1"," 1861040.23"
"1","
"
"1","  [78]"
"1"," 2040440.38"
"1"," 2167588.68"
"1"," 2240339.08"
"1"," 2137314.00"
"1"," 2088661.53"
"1"," 1548751.14"
"1"," 1167736.68"
"1","  934055.43"
"1","  795770.75"
"1","  534390.73"
"1","  281471.43"
"1","
"
"1","  [89]"
"1","  143611.13"
"1","   65273.01"
"1"," 1230423.09"
"1"," 1614043.27"
"1"," 1838686.10"
"1"," 1659454.30"
"1"," 1835807.89"
"1"," 2052969.82"
"1"," 2149014.30"
"1"," 2252632.27"
"1"," 2132760.06"
"1","
"
"1"," [100]"
"1"," 2106638.14"
"1"," 1576586.44"
"1"," 1175461.64"
"1","  938085.50"
"1","  803792.58"
"1","  543887.35"
"1","  286102.81"
"1","  145231.81"
"1","   66916.14"
"1"," 1219408.52"
"1"," 1595120.60"
"1","
"
"1"," [111]"
"1"," 1833310.08"
"1"," 1669769.85"
"1"," 1812004.61"
"1"," 2063734.27"
"1"," 2131099.79"
"1"," 2263583.13"
"1"," 2129317.49"
"1"," 2122880.56"
"1"," 1604409.90"
"1"," 1183733.92"
"1","  942950.61"
"1","
"
"1"," [122]"
"1","  811448.66"
"1","  553211.71"
"1","  290989.34"
"1","  146914.90"
"1","   68583.63"
"1"," 1209594.17"
"1"," 1575890.74"
"1"," 1827090.69"
"1"," 1680295.26"
"1"," 1789752.55"
"1"," 2072591.67"
"1","
"
"1"," [133]"
"1"," 2114131.22"
"1"," 2273071.84"
"1"," 2126955.85"
"1"," 2137402.52"
"1"," 1632150.84"
"1"," 1192768.80"
"1","  948552.20"
"1","  818687.48"
"1","  562358.64"
"1","  296131.47"
"1","  148664.19"
"1","
"
"1"," [144]"
"1","   70269.24"
"1"," 1200825.61"
"1"," 1556393.52"
"1"," 1820175.94"
"1"," 1690847.96"
"1"," 1769173.87"
"1"," 2079399.94"
"1"," 2098394.70"
"1"," 2280978.58"
"1"," 2125644.68"
"1"," 2150217.75"
"1","
"
"1"," [155]"
"1"," 1659738.57"
"1"," 1202781.53"
"1","  954791.69"
"1","  825457.55"
"1","  571323.01"
"1","  301529.65"
"1","  150483.47"
"1","   71966.69"
"1"," 1193596.09"
"1"," 1536428.82"
"1"," 1812139.49"
"1","
"
"1"," [166]"
"1"," 1701950.22"
"1"," 1749861.61"
"1"," 2084613.97"
"1"," 2083142.38"
"1"," 2287692.28"
"1"," 2125427.60"
"1"," 2161273.62"
"1"," 1687218.44"
"1"," 1213248.27"
"1","  961920.28"
"1","  831955.28"
"1","
"
"1"," [177]"
"1","  580113.73"
"1","  307189.08"
"1","  152357.91"
"1","   73691.72"
"1"," 1188105.84"
"1"," 1515930.85"
"1"," 1802800.71"
"1"," 1713824.02"
"1"," 1731655.40"
"1"," 2088418.07"
"1"," 2068042.02"
"1","
"
"1"," [188]"
"1"," 2293369.46"
"1"," 2126329.78"
"1"," 2170554.50"
"1"," 1714647.50"
"1"," 1223926.19"
"1","  970050.88"
"1","  838253.87"
"1","  588735.77"
"1","  313110.49"
"1","  154282.01"
"1","   75451.42"
"1","
"
"1"," [199]"
"1"," 1183760.85"
"1"," 1495140.88"
"1"," 1792676.21"
"1"," 1725836.33"
"1"," 1715047.34"
"1"," 2090264.27"
"1"," 2054003.17"
"1"," 2297541.70"
"1"," 2128293.15"
"1"," 2178129.62"
"1"," 1741972.63"
"1","
"
"1"," [210]"
"1"," 1235452.09"
"1","  978877.43"
"1","  844116.91"
"1","  597178.03"
"1","  319287.61"
"1","  156273.53"
"1","   77226.51"
"1"," 1179967.10"
"1"," 1474300.21"
"1"," 1782282.60"
"1"," 1737354.11"
"1","
"
"1"," [221]"
"1"," 1700529.51"
"1"," 2089604.63"
"1"," 2041935.34"
"1"," 2299740.57"
"1"," 2131259.60"
"1"," 2184068.24"
"1"," 1769140.73"
"1"," 1248462.74"
"1","  988093.91"
"1","  849308.00"
"1","  605429.42"
"1","
"
"1"," [232]"
"1","  325714.19"
"1","  158350.24"
"1","   78997.75"
"1"," 1177477.23"
"1"," 1452549.86"
"1"," 1771179.43"
"1"," 1749736.43"
"1"," 1687629.89"
"1"," 2086298.26"
"1"," 2030628.38"
"1"," 2300244.65"
"1","
"
"1"," [243]"
"1"," 2135757.02"
"1"," 2187460.68"
"1"," 1796851.46"
"1"," 1262495.21"
"1","  998504.81"
"1","  853662.96"
"1","  613250.51"
"1","  332488.20"
"1","  160472.75"
"1","   80813.93"
"1"," 1176759.01"
"1","
"
"1"," [254]"
"1"," 1429659.05"
"1"," 1758980.32"
"1"," 1763525.79"
"1"," 1675977.62"
"1"," 2080709.35"
"1"," 2019365.35"
"1"," 2299393.55"
"1"," 2141867.55"
"1"," 2188190.83"
"1"," 1825216.44"
"1"," 1277076.17"
"1","
"
"1"," [265]"
"1"," 1010384.12"
"1","  857325.17"
"1","  620628.78"
"1","  339621.54"
"1","  162625.65"
"1","   82691.96"
"1"," 1176791.12"
"1"," 1406811.39"
"1"," 1746282.94"
"1"," 1776864.36"
"1"," 1666216.66"
"1","
"
"1"," [276]"
"1"," 2073047.64"
"1"," 2009795.64"
"1"," 2296810.38"
"1"," 2148864.51"
"1"," 2187518.28"
"1"," 1853300.38"
"1"," 1292826.80"
"1"," 1022630.11"
"1","  860519.62"
"1","  627893.45"
"1","  346978.77"
"1","
"
"1"," [287]"
"1","  164862.65"
"1","   84564.74"
"1"," 1176552.25"
"1"," 1385190.50"
"1"," 1733684.99"
"1"," 1787894.26"
"1"," 1658990.92"
"1"," 2063522.86"
"1"," 2003568.64"
"1"," 2292118.27"
"1"," 2156021.18"
"1","
"
"1"," [298]"
"1"," 2186702.60"
"1"," 1880168.01"
"1"," 1310368.33"
"1"," 1034141.01"
"1","  863471.30"
"1","  635373.74"
"1","  354424.47"
"1","  167237.48"
"1","   86365.13"
"1"," 1176609.26"
"1"," 1363271.51"
"1","
"
"1"," [309]"
"1"," 1721555.24"
"1"," 1797780.47"
"1"," 1654711.10"
"1"," 2050368.73"
"1"," 2001451.04"
"1"," 2284320.08"
"1"," 2164568.02"
"1"," 2184192.64"
"1"," 1906803.39"
"1"," 1330494.59"
"1"," 1045685.15"
"1","
"
"1"," [320]"
"1","  865175.42"
"1","  642602.97"
"1","  362192.08"
"1","  169695.90"
"1","   88107.86"
"1"," 1177730.61"
"1"," 1340042.66"
"1"," 1709499.65"
"1"," 1808001.01"
"1"," 1652956.73"
"1"," 2033218.42"
"1","
"
"1"," [331]"
"1"," 2002284.65"
"1"," 2273576.66"
"1"," 2175186.79"
"1"," 2178869.89"
"1"," 1933980.26"
"1"," 1352825.83"
"1"," 1058159.52"
"1","  865354.96"
"1","  649291.69"
"1","  370404.37"
"1","  172194.70"
"1","
"
"1"," [342]"
"1","   89845.44"
"1"," 1179197.40"
"1"," 1317457.27"
"1"," 1696971.79"
"1"," 1817167.64"
"1"," 1653124.97"
"1"," 2014380.82"
"1"," 2004831.54"
"1"," 2261248.17"
"1"," 2186327.77"
"1"," 2172642.87"
"1","
"
"1"," [353]"
"1"," 1960447.86"
"1"," 1376222.83"
"1"," 1070655.35"
"1","  865326.56"
"1","  656034.90"
"1","  378759.96"
"1","  174804.12"
"1","   91567.50"
"1"," 1180290.74"
"1"," 1297468.60"
"1"," 1683425.20"
"1","
"
"1"," [364]"
"1"," 1823892.10"
"1"," 1654613.02"
"1"," 1996164.79"
"1"," 2007853.77"
"1"," 2248694.74"
"1"," 2196441.27"
"1"," 2167420.13"
"1"," 1984955.44"
"1"," 1399546.35"
"1"," 1082263.83"
"1","  866406.82"
"1","
"
"1"," [375]"
"1","  663427.64"
"1","  386957.45"
"1","  177594.40"
"1","   93263.66"
"1"," 1181868.45"
"1"," 1278763.39"
"1"," 1669138.63"
"1"," 1828696.57"
"1"," 1658622.46"
"1"," 1975664.71"
"1"," 2014219.44"
"1","
"
"1"," [386]"
"1"," 2234095.68"
"1"," 2207017.19"
"1"," 2160949.15"
"1"," 2008407.51"
"1"," 1424056.31"
"1"," 1093127.67"
"1","  867434.64"
"1","  671531.32"
"1","  395238.15"
"1","  180512.46"
"1","   94868.46"
"1","
"
"1"," [397]"
"1"," 1184560.96"
"1"," 1259718.13"
"1"," 1654570.56"
"1"," 1832671.07"
"1"," 1665714.13"
"1"," 1950873.73"
"1"," 2025171.94"
"1"," 2216264.35"
"1"," 2219334.29"
"1"," 2151596.44"
"1"," 2031819.61"
"1","
"
"1"," [408]"
"1"," 1450781.53"
"1"," 1103933.49"
"1","  867311.57"
"1","  679891.14"
"1","  403854.68"
"1","  183498.74"
"1","   96382.64"
"1"," 1187308.24"
"1"," 1241820.76"
"1"," 1639444.11"
"1"," 1835279.13"
"1","
"
"1"," [419]"
"1"," 1674324.07"
"1"," 1925448.93"
"1"," 2037036.30"
"1"," 2197511.92"
"1"," 2231526.18"
"1"," 2142199.10"
"1"," 2054107.52"
"1"," 1478236.14"
"1"," 1114588.45"
"1","  867448.28"
"1","  688327.84"
"1","
"
"1"," [430]"
"1","  412522.58"
"1","  186613.83"
"1","   97895.17"
"1"," 1189050.29"
"1"," 1226559.26"
"1"," 1623482.37"
"1"," 1835984.29"
"1"," 1682888.30"
"1"," 1903047.42"
"1"," 2046137.57"
"1"," 2180149.57"
"1","
"
"1"," [441]"
"1"," 2241726.43"
"1"," 2135594.24"
"1"," 2074187.04"
"1"," 1504934.29"
"1"," 1124999.69"
"1","  869255.44"
"1","  696662.13"
"1","  420957.39"
"1","  189918.30"
"1","   99494.99"
"1"," 1190458.32"
"1","
"
"1"," [452]"
"1"," 1214039.65"
"1"," 1606443.85"
"1"," 1834325.83"
"1"," 1693151.00"
"1"," 1880792.63"
"1"," 2056010.18"
"1"," 2161602.00"
"1"," 2251432.14"
"1"," 2129908.28"
"1"," 2093105.13"
"1"," 1531741.54"
"1","
"
"1"," [463]"
"1"," 1134097.85"
"1","  871977.50"
"1","  705613.66"
"1","  429299.49"
"1","  193339.98"
"1","  101111.73"
"1"," 1192414.50"
"1"," 1203161.34"
"1"," 1588504.36"
"1"," 1830660.28"
"1"," 1706447.37"
"1","
"
"1"," [474]"
"1"," 1855698.06"
"1"," 2069754.17"
"1"," 2139900.06"
"1"," 2262177.19"
"1"," 2122870.97"
"1"," 2111783.63"
"1"," 1559832.53"
"1"," 1141850.45"
"1","  874489.43"
"1","  715390.26"
"1","  437773.71"
"1","
"
"1"," [485]"
"1","  196826.80"
"1","  102670.23"
"1"," 1194175.25"
"1"," 1193602.35"
"1"," 1570012.93"
"1"," 1825677.11"
"1"," 1720600.06"
"1"," 1831255.92"
"1"," 2083042.94"
"1"," 2118264.19"
"1"," 2272150.35"
"1","
"
"1"," [496]"
"1"," 2116724.39"
"1"," 2128950.63"
"1"," 1588184.99"
"1"," 1149719.93"
"1","  877647.59"
"1","  725044.93"
"1","  446222.25"
"1","  200469.44"
"1","  104252.32"
"1"," 1194997.00"
"1"," 1185040.67"
"1","
"
"1"," [507]"
"1"," 1551318.62"
"1"," 1820065.75"
"1"," 1733431.68"
"1"," 1810958.39"
"1"," 2091549.91"
"1"," 2099914.81"
"1"," 2279540.41"
"1"," 2113710.63"
"1"," 2143334.23"
"1"," 1615776.62"
"1"," 1159168.75"
"1","
"
"1"," [518]"
"1","  882308.33"
"1","  733630.65"
"1","  454487.33"
"1","  204358.62"
"1","  105939.77"
"1"," 1194880.28"
"1"," 1178564.68"
"1"," 1531885.66"
"1"," 1812588.07"
"1"," 1746670.64"
"1"," 1793202.50"
"1","
"
"1"," [529]"
"1"," 2097530.60"
"1"," 2082240.64"
"1"," 2285828.01"
"1"," 2113495.47"
"1"," 2155271.85"
"1"," 1642614.44"
"1"," 1168388.92"
"1","  888557.51"
"1","  742137.42"
"1","  462621.32"
"1","  208376.41"
"1","
"
"1"," [540]"
"1","  107718.08"
"1"," 1194352.16"
"1"," 1174578.72"
"1"," 1511376.13"
"1"," 1802587.42"
"1"," 1762117.85"
"1"," 1775213.39"
"1"," 2104403.88"
"1"," 2062586.43"
"1"," 2292515.78"
"1"," 2114337.54"
"1","
"
"1"," [551]"
"1"," 2165733.16"
"1"," 1669417.22"
"1"," 1176106.33"
"1","  895773.70"
"1","  751395.18"
"1","  470740.23"
"1","  212447.27"
"1","  109524.94"
"1"," 1193458.77"
"1"," 1171734.76"
"1"," 1490435.83"
"1","
"
"1"," [562]"
"1"," 1791625.53"
"1"," 1777704.70"
"1"," 1758725.51"
"1"," 2109588.19"
"1"," 2044106.74"
"1"," 2297825.47"
"1"," 2116368.19"
"1"," 2174394.65"
"1"," 1696230.30"
"1"," 1184584.24"
"1","  903752.33"
"1","
"
"1"," [573]"
"1","  760216.88"
"1","  478781.77"
"1","  216725.43"
"1","  111370.46"
"1"," 1192246.28"
"1"," 1168684.77"
"1"," 1469710.56"
"1"," 1781264.12"
"1"," 1791362.54"
"1"," 1745473.27"
"1"," 2110501.96"
"1","
"
"1"," [584]"
"1"," 2029956.13"
"1"," 2299978.83"
"1"," 2119718.79"
"1"," 2180932.79"
"1"," 1723099.05"
"1"," 1196085.90"
"1","  912288.85"
"1","  767415.45"
"1","  486683.61"
"1","  221365.13"
"1","  113264.76"
"1","
"
"1"," [595]"
"1"," 1190812.68"
"1"," 1166287.69"
"1"," 1448223.19"
"1"," 1770759.43"
"1"," 1804489.17"
"1"," 1735399.12"
"1"," 2107335.83"
"1"," 2019104.42"
"1"," 2299405.87"
"1"," 2125459.49"
"1"," 2184377.70"
"1","
"
"1"," [606]"
"1"," 1750715.10"
"1"," 1209865.08"
"1","  922207.38"
"1","  773073.92"
"1","  494228.19"
"1","  226299.87"
"1","  115170.96"
"1"," 1189108.76"
"1"," 1165631.35"
"1"," 1425419.16"
"1"," 1758863.55"
"1","
"
"1"," [617]"
"1"," 1818748.16"
"1"," 1727223.65"
"1"," 2102024.61"
"1"," 2009092.28"
"1"," 2297461.07"
"1"," 2133622.42"
"1"," 2184878.25"
"1"," 1779131.85"
"1"," 1224133.21"
"1","  933747.87"
"1","  778077.11"
"1","
"
"1"," [628]"
"1","  501445.23"
"1","  231405.19"
"1","  117081.39"
"1"," 1186959.88"
"1"," 1165711.11"
"1"," 1402578.10"
"1"," 1746381.94"
"1"," 1832469.52"
"1"," 1720848.56"
"1"," 2094603.00"
"1"," 2000930.56"
"1","
"
"1"," [639]"
"1"," 2293752.87"
"1"," 2142781.89"
"1"," 2183789.04"
"1"," 1807437.31"
"1"," 1239590.01"
"1","  945829.48"
"1","  782440.72"
"1","  508643.34"
"1","  236748.29"
"1","  119049.99"
"1"," 1184191.40"
"1","
"
"1"," [650]"
"1"," 1165522.33"
"1"," 1380979.68"
"1"," 1734120.05"
"1"," 1843983.29"
"1"," 1716175.52"
"1"," 2085105.73"
"1"," 1995630.12"
"1"," 2287889.69"
"1"," 2151512.21"
"1"," 2182464.67"
"1"," 1834719.50"
"1","
"
"1"," [661]"
"1"," 1256935.24"
"1","  957371.39"
"1","  786180.42"
"1","  516131.14"
"1","  242396.40"
"1","  121130.71"
"1"," 1181450.00"
"1"," 1165640.10"
"1"," 1359008.78"
"1"," 1722328.92"
"1"," 1854125.50"
"1","
"
"1"," [672]"
"1"," 1713898.57"
"1"," 2071705.86"
"1"," 1994323.88"
"1"," 2278739.31"
"1"," 2161637.70"
"1"," 2179178.56"
"1"," 1862288.32"
"1"," 1277054.75"
"1","  969356.84"
"1","  788098.13"
"1","  523515.39"
"1","
"
"1"," [683]"
"1","  248484.01"
"1","  123229.92"
"1"," 1178949.91"
"1"," 1166821.72"
"1"," 1335572.47"
"1"," 1710449.10"
"1"," 1864202.63"
"1"," 1714212.96"
"1"," 2054184.19"
"1"," 1996388.23"
"1"," 2266482.15"
"1","
"
"1"," [694]"
"1"," 2174459.13"
"1"," 2172745.70"
"1"," 1890945.94"
"1"," 1299530.88"
"1","  982694.14"
"1","  788052.11"
"1","  530530.66"
"1","  254970.63"
"1","  125298.13"
"1"," 1175867.78"
"1"," 1168335.88"
"1","
"
"1"," [705]"
"1"," 1312733.68"
"1"," 1698070.31"
"1"," 1873250.42"
"1"," 1716272.30"
"1"," 2034987.05"
"1"," 2000199.16"
"1"," 2252695.60"
"1"," 2187765.45"
"1"," 2165333.03"
"1"," 1919018.71"
"1"," 1323108.01"
"1","
"
"1"," [716]"
"1","  996190.02"
"1","  787642.55"
"1","  537677.20"
"1","  261661.04"
"1","  127455.46"
"1"," 1171380.24"
"1"," 1169451.28"
"1"," 1292555.34"
"1"," 1684782.30"
"1"," 1880304.58"
"1"," 1719230.17"
"1","
"
"1"," [727]"
"1"," 2016560.77"
"1"," 2004132.66"
"1"," 2238957.03"
"1"," 2199345.58"
"1"," 2159107.49"
"1"," 1944832.99"
"1"," 1346530.57"
"1"," 1008651.22"
"1","  788469.65"
"1","  545455.26"
"1","  268360.03"
"1","
"
"1"," [738]"
"1","  129822.01"
"1"," 1165877.20"
"1"," 1171008.34"
"1"," 1273649.92"
"1"," 1670831.78"
"1"," 1885555.97"
"1"," 1723815.12"
"1"," 1995687.06"
"1"," 2011091.64"
"1"," 2223213.63"
"1"," 2210688.11"
"1","
"
"1"," [749]"
"1"," 2151389.75"
"1"," 1969633.79"
"1"," 1371130.68"
"1"," 1020568.07"
"1","  789098.02"
"1","  554033.29"
"1","  275323.23"
"1","  132269.62"
"1"," 1160025.51"
"1"," 1173647.01"
"1"," 1254306.28"
"1","
"
"1"," [760]"
"1"," 1656575.93"
"1"," 1889750.59"
"1"," 1730709.99"
"1"," 1970205.76"
"1"," 2022602.45"
"1"," 2204077.92"
"1"," 2223536.49"
"1"," 2140295.53"
"1"," 1994788.90"
"1"," 1398030.50"
"1"," 1032878.33"
"1","
"
"1"," [771]"
"1","  788187.36"
"1","  563035.81"
"1","  282728.10"
"1","  134692.88"
"1"," 1153417.18"
"1"," 1176335.26"
"1"," 1236101.95"
"1"," 1641770.17"
"1"," 1892756.92"
"1"," 1738999.72"
"1"," 1944150.30"
"1","
"
"1"," [782]"
"1"," 2034976.25"
"1"," 2184125.33"
"1"," 2236061.89"
"1"," 2129184.36"
"1"," 2018808.85"
"1"," 1425659.42"
"1"," 1045059.83"
"1","  787480.45"
"1","  572147.17"
"1","  290262.20"
"1","  137246.04"
"1","
"
"1"," [793]"
"1"," 1145644.24"
"1"," 1178041.04"
"1"," 1220614.47"
"1"," 1626169.91"
"1"," 1894443.45"
"1"," 1747769.26"
"1"," 1921554.17"
"1"," 2044524.22"
"1"," 2165931.25"
"1"," 2246435.49"
"1"," 2121415.73"
"1","
"
"1"," [804]"
"1"," 2040204.16"
"1"," 1452446.82"
"1"," 1056590.42"
"1","  788720.06"
"1","  581051.75"
"1","  297613.07"
"1","  140083.37"
"1"," 1136479.22"
"1"," 1179362.10"
"1"," 1207843.42"
"1"," 1609515.21"
"1","
"
"1"," [815]"
"1"," 1894430.03"
"1"," 1758287.47"
"1"," 1899602.44"
"1"," 2054761.32"
"1"," 2147030.42"
"1"," 2255949.77"
"1"," 2115002.03"
"1"," 2060271.58"
"1"," 1479244.88"
"1"," 1066534.17"
"1","  790970.71"
"1","
"
"1"," [826]"
"1","  590557.32"
"1","  304992.00"
"1","  143113.26"
"1"," 1126184.64"
"1"," 1181151.83"
"1"," 1196612.32"
"1"," 1591955.53"
"1"," 1892769.62"
"1"," 1771319.48"
"1"," 1875015.84"
"1"," 2068769.03"
"1","
"
"1"," [837]"
"1"," 2125250.57"
"1"," 2266066.11"
"1"," 2107258.78"
"1"," 2080248.44"
"1"," 1507282.91"
"1"," 1075188.23"
"1","  792837.73"
"1","  600982.68"
"1","  312655.09"
"1","  146214.08"
"1"," 1115087.55"
"1","
"
"1"," [848]"
"1"," 1182761.66"
"1"," 1186734.68"
"1"," 1573860.44"
"1"," 1889980.28"
"1"," 1785194.66"
"1"," 1851131.32"
"1"," 2082208.29"
"1"," 2103606.58"
"1"," 2275209.06"
"1"," 2100500.29"
"1"," 2098556.19"
"1","
"
"1"," [859]"
"1"," 1535556.03"
"1"," 1083880.03"
"1","  795375.15"
"1","  611278.64"
"1","  320357.06"
"1","  149495.08"
"1"," 1103514.97"
"1"," 1183543.01"
"1"," 1178023.98"
"1"," 1555599.49"
"1"," 1886580.09"
"1","
"
"1"," [870]"
"1"," 1798242.39"
"1"," 1831285.85"
"1"," 2090740.03"
"1"," 2085113.35"
"1"," 2281803.19"
"1"," 2097040.85"
"1"," 2113616.23"
"1"," 1563059.35"
"1"," 1093937.02"
"1","  799636.99"
"1","  620396.06"
"1","
"
"1"," [881]"
"1","  327852.64"
"1","  153065.48"
"1"," 1091382.08"
"1"," 1183410.90"
"1"," 1170838.84"
"1"," 1537020.67"
"1"," 1882327.24"
"1"," 1811184.83"
"1"," 1814915.51"
"1"," 2095469.57"
"1"," 2068997.61"
"1","
"
"1"," [892]"
"1"," 2286415.61"
"1"," 2096799.19"
"1"," 2125631.64"
"1"," 1589966.09"
"1"," 1104710.84"
"1","  805556.97"
"1","  628640.17"
"1","  335178.68"
"1","  156910.41"
"1"," 1078446.46"
"1"," 1182828.86"
"1","
"
"1"," [903]"
"1"," 1165333.56"
"1"," 1517845.79"
"1"," 1876838.52"
"1"," 1825257.06"
"1"," 1799583.60"
"1"," 2099564.90"
"1"," 2053070.73"
"1"," 2290205.37"
"1"," 2098069.03"
"1"," 2135754.61"
"1"," 1617000.07"
"1","
"
"1"," [914]"
"1"," 1115229.84"
"1","  812372.27"
"1","  636788.62"
"1","  342510.91"
"1","  160949.96"
"1"," 1064798.73"
"1"," 1181971.10"
"1"," 1161015.16"
"1"," 1498255.18"
"1"," 1870419.91"
"1"," 1839557.81"
"1","
"
"1"," [925]"
"1"," 1785817.96"
"1"," 2101780.91"
"1"," 2038224.56"
"1"," 2292484.93"
"1"," 2100727.09"
"1"," 2143830.21"
"1"," 1643982.36"
"1"," 1126336.53"
"1","  820092.11"
"1","  644500.83"
"1","  349812.43"
"1","
"
"1"," [936]"
"1","  165195.90"
"1"," 1050529.52"
"1"," 1181011.85"
"1"," 1157390.63"
"1"," 1478429.17"
"1"," 1863377.42"
"1"," 1853185.83"
"1"," 1774146.42"
"1"," 2100872.48"
"1"," 2025350.95"
"1"," 2292566.71"
"1","
"
"1"," [947]"
"1"," 2104650.11"
"1"," 2149703.54"
"1"," 1670734.03"
"1"," 1138873.43"
"1","  828725.73"
"1","  651436.22"
"1","  357046.29"
"1","  169659.96"
"1"," 1035588.44"
"1"," 1179888.98"
"1"," 1154664.87"
"1","
"
"1"," [958]"
"1"," 1458279.64"
"1"," 1855594.78"
"1"," 1866469.86"
"1"," 1764357.64"
"1"," 2097280.99"
"1"," 2014152.13"
"1"," 2290722.12"
"1"," 2109787.59"
"1"," 2153455.73"
"1"," 1697286.74"
"1"," 1152558.77"
"1","
"
"1"," [969]"
"1","  838262.02"
"1","  657749.58"
"1","  364219.34"
"1","  174337.87"
"1"," 1019901.39"
"1"," 1178456.37"
"1"," 1153246.22"
"1"," 1437658.20"
"1"," 1846821.03"
"1"," 1880155.21"
"1"," 1756019.54"
"1","
"
"1"," [980]"
"1"," 2092031.38"
"1"," 2003895.94"
"1"," 2287517.95"
"1"," 2116238.72"
"1"," 2155216.48"
"1"," 1723789.78"
"1"," 1166697.12"
"1","  848694.42"
"1","  663721.55"
"1","  371361.55"
"1","  179219.75"
"1","
"
"1"," [991]"
"1"," 1003523.44"
"1"," 1176762.22"
"1"," 1152946.82"
"1"," 1416654.76"
"1"," 1837160.11"
"1"," 1893965.54"
"1"," 1749328.82"
"1"," 2084753.90"
"1"," 1994822.66"
"1"," 2282709.75"
"1","
"
"1"," [ reached getOption(""max.print"") -- omitted 98 entries ]
"
"1","
"
"1","$P_F
"
"1","   [1]"
"1"," 1199916.1"
"1"," 1540718.7"
"1"," 1625127.4"
"1"," 1452523.9"
"1"," 1825035.1"
"1"," 1853793.9"
"1"," 2127211.9"
"1"," 2077767.3"
"1"," 2083883.2"
"1"," 1956380.8"
"1"," 1429834.7"
"1"," 1155051.5"
"1","
"
"1","  [13]"
"1"," 1014844.5"
"1","  919825.0"
"1","  720952.4"
"1","  485820.1"
"1","  292218.7"
"1","  171164.7"
"1"," 1185195.0"
"1"," 1526826.8"
"1"," 1625582.6"
"1"," 1457985.8"
"1"," 1792082.1"
"1"," 1872330.1"
"1","
"
"1","  [25]"
"1"," 2102613.6"
"1"," 2096002.4"
"1"," 2071264.0"
"1"," 1983041.4"
"1"," 1457364.5"
"1"," 1160516.8"
"1"," 1011390.7"
"1","  929832.4"
"1","  730528.7"
"1","  492287.0"
"1","  294682.8"
"1","  174855.5"
"1","
"
"1","  [37]"
"1"," 1171622.3"
"1"," 1512541.3"
"1"," 1625411.0"
"1"," 1463768.4"
"1"," 1760744.7"
"1"," 1889007.2"
"1"," 2079175.9"
"1"," 2112669.7"
"1"," 2060153.6"
"1"," 2007716.0"
"1"," 1484832.9"
"1"," 1166676.2"
"1","
"
"1","  [49]"
"1"," 1008929.9"
"1","  939294.3"
"1","  739916.6"
"1","  498870.9"
"1","  297378.6"
"1","  178686.9"
"1"," 1159192.9"
"1"," 1497867.3"
"1"," 1624612.6"
"1"," 1469872.6"
"1"," 1731027.3"
"1"," 1903820.8"
"1","
"
"1","  [61]"
"1"," 2056893.7"
"1"," 2127766.4"
"1"," 2050562.8"
"1"," 2030398.8"
"1"," 1512247.3"
"1"," 1173521.9"
"1"," 1007464.8"
"1","  948206.9"
"1","  749118.1"
"1","  505569.6"
"1","  300307.8"
"1","  182654.9"
"1","
"
"1","  [73]"
"1"," 1147901.8"
"1"," 1482809.9"
"1"," 1623187.1"
"1"," 1476299.6"
"1"," 1702934.2"
"1"," 1916766.4"
"1"," 2035762.1"
"1"," 2141289.5"
"1"," 2042502.5"
"1"," 2051083.7"
"1"," 1539615.4"
"1"," 1181045.9"
"1","
"
"1","  [85]"
"1"," 1006998.6"
"1","  956566.3"
"1","  758135.4"
"1","  512380.6"
"1","  303472.1"
"1","  186755.9"
"1"," 1137834.9"
"1"," 1467333.7"
"1"," 1621080.2"
"1"," 1483138.9"
"1"," 1676433.2"
"1"," 1927917.9"
"1","
"
"1","  [97]"
"1"," 2015654.3"
"1"," 2153280.6"
"1"," 2036040.2"
"1"," 2069759.8"
"1"," 1566959.8"
"1"," 1189100.5"
"1"," 1007586.8"
"1","  964415.7"
"1","  766977.5"
"1","  519288.6"
"1","  306878.0"
"1","  191017.1"
"1","
"
"1"," [109]"
"1"," 1128983.2"
"1"," 1451441.5"
"1"," 1618297.0"
"1"," 1490382.5"
"1"," 1651527.4"
"1"," 1937267.5"
"1"," 1996582.0"
"1"," 2163735.4"
"1"," 2031170.7"
"1"," 2086425.8"
"1"," 1594275.7"
"1"," 1197700.2"
"1","
"
"1"," [121]"
"1"," 1009224.5"
"1","  971751.4"
"1","  775643.2"
"1","  526295.4"
"1","  310525.3"
"1","  195437.1"
"1"," 1121199.6"
"1"," 1435196.5"
"1"," 1614926.1"
"1"," 1497885.0"
"1"," 1628273.4"
"1"," 1944688.5"
"1","
"
"1"," [133]"
"1"," 1978748.4"
"1"," 2172582.4"
"1"," 2027795.5"
"1"," 2101090.6"
"1"," 1621529.3"
"1"," 1207080.3"
"1"," 1011824.1"
"1","  978499.2"
"1","  784119.4"
"1","  533424.5"
"1","  314405.7"
"1","  199968.4"
"1","
"
"1"," [145]"
"1"," 1114336.7"
"1"," 1418661.4"
"1"," 1611056.2"
"1"," 1505501.0"
"1"," 1606728.2"
"1"," 1950054.2"
"1"," 1962356.7"
"1"," 2179750.2"
"1"," 2025816.2"
"1"," 2113762.8"
"1"," 1648686.9"
"1"," 1217476.2"
"1","
"
"1"," [157]"
"1"," 1015298.0"
"1","  984584.8"
"1","  792393.3"
"1","  540699.5"
"1","  318511.1"
"1","  204563.9"
"1"," 1108866.2"
"1"," 1401566.9"
"1"," 1606423.3"
"1"," 1513655.3"
"1"," 1586659.0"
"1"," 1953773.0"
"1","
"
"1"," [169]"
"1"," 1946874.3"
"1"," 2185475.8"
"1"," 2025410.2"
"1"," 2124418.1"
"1"," 1675644.2"
"1"," 1228322.3"
"1"," 1019877.2"
"1","  990290.2"
"1","  800460.8"
"1","  548094.4"
"1","  322856.6"
"1","  209450.7"
"1","
"
"1"," [181]"
"1"," 1104979.1"
"1"," 1383818.0"
"1"," 1600917.7"
"1"," 1522525.8"
"1"," 1567982.5"
"1"," 1956009.5"
"1"," 1932064.9"
"1"," 2189853.7"
"1"," 2026672.8"
"1"," 2133050.5"
"1"," 1702404.3"
"1"," 1239354.5"
"1","
"
"1"," [193]"
"1"," 1025663.6"
"1","  995720.1"
"1","  808329.2"
"1","  555588.8"
"1","  327449.7"
"1","  214704.1"
"1"," 1102107.8"
"1"," 1365739.1"
"1"," 1594859.9"
"1"," 1531597.3"
"1"," 1550978.7"
"1"," 1956271.3"
"1","
"
"1"," [205]"
"1"," 1918575.7"
"1"," 2192599.0"
"1"," 2029382.4"
"1"," 2139695.6"
"1"," 1729094.6"
"1"," 1251260.3"
"1"," 1032375.7"
"1"," 1000534.4"
"1","  816003.3"
"1","  563214.4"
"1","  332270.7"
"1","  220048.4"
"1","
"
"1"," [217]"
"1"," 1099684.7"
"1"," 1347654.7"
"1"," 1588569.9"
"1"," 1540354.7"
"1"," 1535928.0"
"1"," 1954066.0"
"1"," 1907054.0"
"1"," 2193426.6"
"1"," 2033317.4"
"1"," 2144388.9"
"1"," 1755842.1"
"1"," 1264727.0"
"1","
"
"1"," [229]"
"1"," 1039731.9"
"1"," 1004392.9"
"1","  823487.8"
"1","  571003.1"
"1","  337300.1"
"1","  225208.0"
"1"," 1098394.7"
"1"," 1328683.8"
"1"," 1582026.9"
"1"," 1549860.1"
"1"," 1522797.3"
"1"," 1949160.1"
"1","
"
"1"," [241]"
"1"," 1896794.9"
"1"," 2192265.7"
"1"," 2039584.1"
"1"," 2145934.7"
"1"," 1783329.8"
"1"," 1279321.0"
"1"," 1048571.8"
"1"," 1007122.8"
"1","  830528.4"
"1","  578930.6"
"1","  342674.4"
"1","  230290.1"
"1","
"
"1"," [253]"
"1"," 1098682.4"
"1"," 1308536.6"
"1"," 1575012.8"
"1"," 1560550.1"
"1"," 1511396.0"
"1"," 1941870.9"
"1"," 1887299.8"
"1"," 2189302.8"
"1"," 2048426.1"
"1"," 2144215.9"
"1"," 1811547.5"
"1"," 1294535.8"
"1","
"
"1"," [265]"
"1"," 1059155.2"
"1"," 1008934.9"
"1","  837103.1"
"1","  586971.1"
"1","  348416.8"
"1","  235484.3"
"1"," 1099619.4"
"1"," 1288424.5"
"1"," 1567552.6"
"1"," 1570971.1"
"1"," 1501768.9"
"1"," 1932532.2"
"1","
"
"1"," [277]"
"1"," 1879525.5"
"1"," 2184639.0"
"1"," 2058327.6"
"1"," 2140886.0"
"1"," 1839583.2"
"1"," 1310949.8"
"1"," 1070330.8"
"1"," 1010065.1"
"1","  843564.9"
"1","  595154.1"
"1","  354337.3"
"1","  240638.5"
"1","
"
"1"," [289]"
"1"," 1100277.1"
"1"," 1269558.8"
"1"," 1559671.5"
"1"," 1579669.3"
"1"," 1493960.5"
"1"," 1921478.2"
"1"," 1874428.7"
"1"," 2178375.4"
"1"," 2067773.0"
"1"," 2137598.6"
"1"," 1866524.9"
"1"," 1329141.5"
"1","
"
"1"," [301]"
"1"," 1080947.4"
"1"," 1010749.3"
"1","  850266.9"
"1","  603509.2"
"1","  360246.0"
"1","  245600.7"
"1"," 1101137.4"
"1"," 1250582.4"
"1"," 1552019.0"
"1"," 1587470.2"
"1"," 1488617.9"
"1"," 1906878.6"
"1","
"
"1"," [313]"
"1"," 1872992.4"
"1"," 2169317.1"
"1"," 2078618.8"
"1"," 2131963.4"
"1"," 1893714.6"
"1"," 1350136.6"
"1"," 1091930.9"
"1"," 1009702.3"
"1","  856729.5"
"1","  612221.6"
"1","  366343.3"
"1","  250133.7"
"1","
"
"1"," [325]"
"1"," 1102892.1"
"1"," 1230486.0"
"1"," 1544648.1"
"1"," 1595525.0"
"1"," 1485787.5"
"1"," 1888275.6"
"1"," 1874598.6"
"1"," 2157258.4"
"1"," 2092198.9"
"1"," 2122483.3"
"1"," 1921953.6"
"1"," 1373610.4"
"1","
"
"1"," [337]"
"1"," 1104230.2"
"1"," 1006610.4"
"1","  862645.0"
"1","  621284.9"
"1","  372798.2"
"1","  254318.5"
"1"," 1104928.0"
"1"," 1211002.9"
"1"," 1536689.3"
"1"," 1602868.9"
"1"," 1484612.7"
"1"," 1868061.1"
"1","
"
"1"," [349]"
"1"," 1877802.7"
"1"," 2143783.7"
"1"," 2106213.7"
"1"," 2112151.7"
"1"," 1949519.3"
"1"," 1398115.9"
"1"," 1116728.2"
"1"," 1003166.3"
"1","  868624.0"
"1","  630440.8"
"1","  379373.8"
"1","  258480.9"
"1","
"
"1"," [361]"
"1"," 1106632.0"
"1"," 1193866.3"
"1"," 1527273.2"
"1"," 1608537.1"
"1"," 1484237.0"
"1"," 1848627.1"
"1"," 1881160.6"
"1"," 2130477.8"
"1"," 2118363.8"
"1"," 2103962.1"
"1"," 1974689.2"
"1"," 1422206.2"
"1","
"
"1"," [373]"
"1"," 1128308.1"
"1"," 1001063.1"
"1","  875277.3"
"1","  639431.0"
"1","  385832.8"
"1","  262946.2"
"1"," 1108760.9"
"1"," 1177910.4"
"1"," 1516711.9"
"1"," 1612857.3"
"1"," 1485683.8"
"1"," 1827220.9"
"1","
"
"1"," [385]"
"1"," 1887528.0"
"1"," 2115584.8"
"1"," 2130380.0"
"1"," 2094944.8"
"1"," 1998706.4"
"1"," 1447363.0"
"1"," 1139335.5"
"1","  998842.8"
"1","  882659.7"
"1","  648543.7"
"1","  392287.9"
"1","  267516.6"
"1","
"
"1"," [397]"
"1"," 1111856.2"
"1"," 1161691.5"
"1"," 1505709.5"
"1"," 1616581.5"
"1"," 1489683.3"
"1"," 1801782.1"
"1"," 1898287.5"
"1"," 2097750.1"
"1"," 2144113.9"
"1"," 2082580.6"
"1"," 2022970.1"
"1"," 1474875.2"
"1","
"
"1"," [409]"
"1"," 1150679.2"
"1","  995093.6"
"1","  890296.4"
"1","  658011.7"
"1","  398922.0"
"1","  271933.9"
"1"," 1114981.2"
"1"," 1146525.5"
"1"," 1493984.0"
"1"," 1619381.4"
"1"," 1494939.6"
"1"," 1775741.3"
"1","
"
"1"," [421]"
"1"," 1909785.5"
"1"," 2079160.6"
"1"," 2157447.3"
"1"," 2070538.8"
"1"," 2045991.4"
"1"," 1503006.3"
"1"," 1161977.4"
"1","  991577.6"
"1","  898003.7"
"1","  667493.4"
"1","  405603.9"
"1","  276433.2"
"1","
"
"1"," [433]"
"1"," 1117199.3"
"1"," 1133728.6"
"1"," 1481253.4"
"1"," 1620928.6"
"1"," 1500156.4"
"1"," 1752529.2"
"1"," 1918367.9"
"1"," 2062003.1"
"1"," 2168262.0"
"1"," 2062488.8"
"1"," 2066281.6"
"1"," 1530020.0"
"1","
"
"1"," [445]"
"1"," 1172868.1"
"1","  990057.1"
"1","  905597.7"
"1","  676647.1"
"1","  412202.0"
"1","  281250.0"
"1"," 1119117.8"
"1"," 1123413.8"
"1"," 1467088.0"
"1"," 1620875.4"
"1"," 1506687.1"
"1"," 1729666.1"
"1","
"
"1"," [457]"
"1"," 1927516.8"
"1"," 2044052.6"
"1"," 2177940.9"
"1"," 2056735.0"
"1"," 2085066.4"
"1"," 1556646.0"
"1"," 1182374.7"
"1","  989551.7"
"1","  913951.5"
"1","  685646.5"
"1","  418615.0"
"1","  286242.6"
"1","
"
"1"," [469]"
"1"," 1121520.7"
"1"," 1114606.5"
"1"," 1451648.2"
"1"," 1619430.0"
"1"," 1515625.5"
"1"," 1704369.0"
"1"," 1940305.2"
"1"," 2023468.2"
"1"," 2188193.0"
"1"," 2050397.9"
"1"," 2103585.2"
"1"," 1584232.0"
"1","
"
"1"," [481]"
"1"," 1190673.3"
"1","  988652.1"
"1","  923294.8"
"1","  694761.7"
"1","  424927.6"
"1","  291220.7"
"1"," 1123736.1"
"1"," 1106991.2"
"1"," 1435536.6"
"1"," 1617097.9"
"1"," 1525285.8"
"1"," 1679613.6"
"1","
"
"1"," [493]"
"1"," 1952465.5"
"1"," 2003012.7"
"1"," 2197389.2"
"1"," 2045371.3"
"1"," 2120369.2"
"1"," 1611968.5"
"1"," 1199131.2"
"1","  988476.7"
"1","  932478.5"
"1","  703796.1"
"1","  431287.5"
"1","  296346.5"
"1","
"
"1"," [505]"
"1"," 1125092.3"
"1"," 1100252.4"
"1"," 1419355.9"
"1"," 1614384.8"
"1"," 1533982.5"
"1"," 1658375.5"
"1"," 1959730.3"
"1"," 1985449.2"
"1"," 2203900.1"
"1"," 2043549.0"
"1"," 2133950.0"
"1"," 1639045.9"
"1","
"
"1"," [517]"
"1"," 1209115.7"
"1","  990144.1"
"1","  940353.6"
"1","  712552.9"
"1","  437842.3"
"1","  301782.0"
"1"," 1125574.4"
"1"," 1095425.8"
"1"," 1402317.7"
"1"," 1610551.0"
"1"," 1543024.2"
"1"," 1639305.8"
"1","
"
"1"," [529]"
"1"," 1964234.0"
"1"," 1968598.1"
"1"," 2208737.2"
"1"," 2045411.3"
"1"," 2144632.4"
"1"," 1665046.9"
"1"," 1218766.3"
"1","  993578.4"
"1","  948214.5"
"1","  721110.6"
"1","  444383.2"
"1","  307543.5"
"1","
"
"1"," [541]"
"1"," 1125655.2"
"1"," 1092904.1"
"1"," 1383863.0"
"1"," 1605134.8"
"1"," 1553800.8"
"1"," 1620055.3"
"1"," 1969353.6"
"1"," 1950198.5"
"1"," 2213221.8"
"1"," 2049576.1"
"1"," 2153527.8"
"1"," 1690480.6"
"1","
"
"1"," [553]"
"1"," 1226870.0"
"1","  997955.7"
"1","  957075.0"
"1","  729610.9"
"1","  450784.2"
"1","  313511.7"
"1"," 1125395.0"
"1"," 1091407.1"
"1"," 1364939.2"
"1"," 1599059.1"
"1"," 1564748.4"
"1"," 1602099.4"
"1","
"
"1"," [565]"
"1"," 1972685.8"
"1"," 1932891.6"
"1"," 2216190.1"
"1"," 2055143.1"
"1"," 2160377.5"
"1"," 1715928.0"
"1"," 1235765.6"
"1"," 1003271.9"
"1","  965365.1"
"1","  737952.2"
"1","  457317.4"
"1","  319645.3"
"1","
"
"1"," [577]"
"1"," 1124853.7"
"1"," 1089654.5"
"1"," 1346493.3"
"1"," 1593246.7"
"1"," 1574303.3"
"1"," 1586913.2"
"1"," 1971827.3"
"1"," 1919318.5"
"1"," 2216477.8"
"1"," 2061212.0"
"1"," 2164922.8"
"1"," 1741969.7"
"1","
"
"1"," [589]"
"1"," 1247791.9"
"1"," 1009523.1"
"1","  971515.0"
"1","  746032.8"
"1","  464254.9"
"1","  325903.0"
"1"," 1124141.2"
"1"," 1088435.7"
"1"," 1327507.4"
"1"," 1587578.7"
"1"," 1583421.9"
"1"," 1574276.6"
"1","
"
"1"," [601]"
"1"," 1966666.7"
"1"," 1908490.7"
"1"," 2213948.2"
"1"," 2069619.8"
"1"," 2165787.6"
"1"," 1769153.0"
"1"," 1262256.6"
"1"," 1017489.7"
"1","  975711.5"
"1","  753640.9"
"1","  471480.9"
"1","  332376.0"
"1","
"
"1"," [613]"
"1"," 1123200.1"
"1"," 1088781.8"
"1"," 1307199.1"
"1"," 1581346.7"
"1"," 1593356.3"
"1"," 1563085.4"
"1"," 1958974.3"
"1"," 1898333.0"
"1"," 2209437.5"
"1"," 2081257.8"
"1"," 2163033.3"
"1"," 1797113.9"
"1","
"
"1"," [625]"
"1"," 1277317.9"
"1"," 1027255.7"
"1","  979133.2"
"1","  760840.5"
"1","  478775.2"
"1","  339107.8"
"1"," 1121840.0"
"1"," 1089774.7"
"1"," 1286868.8"
"1"," 1574589.2"
"1"," 1602986.3"
"1"," 1553488.8"
"1","
"
"1"," [637]"
"1"," 1949169.1"
"1"," 1889856.0"
"1"," 2203241.8"
"1"," 2093806.2"
"1"," 2158557.4"
"1"," 1825066.4"
"1"," 1293590.2"
"1"," 1037772.2"
"1","  981698.4"
"1","  767943.2"
"1","  486253.7"
"1","  345986.2"
"1","
"
"1"," [649]"
"1"," 1119870.5"
"1"," 1090496.6"
"1"," 1267817.3"
"1"," 1567344.4"
"1"," 1611191.7"
"1"," 1545636.0"
"1"," 1937670.3"
"1"," 1884070.6"
"1"," 2195657.0"
"1"," 2104945.6"
"1"," 2154257.6"
"1"," 1852224.3"
"1","
"
"1"," [661]"
"1"," 1311687.7"
"1"," 1047990.3"
"1","  983325.2"
"1","  775260.8"
"1","  494032.4"
"1","  352898.8"
"1"," 1117981.6"
"1"," 1091445.5"
"1"," 1248604.4"
"1"," 1560245.6"
"1"," 1618492.5"
"1"," 1539994.1"
"1","
"
"1"," [673]"
"1"," 1922459.6"
"1"," 1881855.1"
"1"," 2185440.6"
"1"," 2116747.3"
"1"," 2147607.6"
"1"," 1880257.3"
"1"," 1332735.3"
"1"," 1058971.0"
"1","  982624.1"
"1","  782337.8"
"1","  502292.4"
"1","  359898.0"
"1","
"
"1"," [685]"
"1"," 1116402.8"
"1"," 1093307.6"
"1"," 1228145.3"
"1"," 1553337.1"
"1"," 1625756.6"
"1"," 1536528.8"
"1"," 1902998.4"
"1"," 1882550.9"
"1"," 2172244.4"
"1"," 2131180.2"
"1"," 2136940.9"
"1"," 1909913.9"
"1","
"
"1"," [697]"
"1"," 1356403.3"
"1"," 1071601.8"
"1","  979508.2"
"1","  788903.3"
"1","  510961.8"
"1","  367074.7"
"1"," 1114252.6"
"1"," 1095446.8"
"1"," 1208273.3"
"1"," 1545773.7"
"1"," 1632385.4"
"1"," 1534637.2"
"1","
"
"1"," [709]"
"1"," 1881924.8"
"1"," 1884862.6"
"1"," 2157706.3"
"1"," 2145771.2"
"1"," 2125444.2"
"1"," 1939026.5"
"1"," 1381124.0"
"1"," 1084573.6"
"1","  975850.3"
"1","  795546.0"
"1","  519776.2"
"1","  374373.7"
"1","
"
"1"," [721]"
"1"," 1110649.6"
"1"," 1097227.3"
"1"," 1190821.9"
"1"," 1536710.4"
"1"," 1637780.1"
"1"," 1533716.3"
"1"," 1861876.8"
"1"," 1887495.3"
"1"," 2143464.3"
"1"," 2158047.2"
"1"," 2116304.2"
"1"," 1965427.5"
"1","
"
"1"," [733]"
"1"," 1405329.4"
"1"," 1096577.4"
"1","  973523.1"
"1","  802855.0"
"1","  528471.4"
"1","  381739.9"
"1"," 1106033.5"
"1"," 1099405.7"
"1"," 1174558.7"
"1"," 1526392.4"
"1"," 1642064.1"
"1"," 1534507.4"
"1","
"
"1"," [745]"
"1"," 1839885.5"
"1"," 1893206.3"
"1"," 2127809.0"
"1"," 2169341.6"
"1"," 2106284.7"
"1"," 1990830.9"
"1"," 1430507.9"
"1"," 1108296.5"
"1","  970788.1"
"1","  810915.6"
"1","  537370.7"
"1","  389094.1"
"1","
"
"1"," [757]"
"1"," 1101119.2"
"1"," 1102542.4"
"1"," 1157960.3"
"1"," 1515500.6"
"1"," 1645697.3"
"1"," 1537520.7"
"1"," 1813679.3"
"1"," 1903259.8"
"1"," 2109351.5"
"1"," 2181570.6"
"1"," 2092678.3"
"1"," 2017028.9"
"1","
"
"1"," [769]"
"1"," 1458034.7"
"1"," 1120782.5"
"1","  966066.1"
"1","  819270.9"
"1","  546714.1"
"1","  396466.1"
"1"," 1095437.9"
"1"," 1105706.8"
"1"," 1142422.9"
"1"," 1503844.5"
"1"," 1648586.1"
"1"," 1541806.6"
"1","
"
"1"," [781]"
"1"," 1786942.5"
"1"," 1914120.6"
"1"," 2090210.0"
"1"," 2193135.5"
"1"," 2079465.2"
"1"," 2041970.4"
"1"," 1486173.1"
"1"," 1133278.8"
"1","  961469.4"
"1","  827696.3"
"1","  556113.3"
"1","  403964.0"
"1","
"
"1"," [793]"
"1"," 1088520.8"
"1"," 1107968.6"
"1"," 1129342.7"
"1"," 1491233.2"
"1"," 1650636.8"
"1"," 1546415.6"
"1"," 1763359.4"
"1"," 1922253.3"
"1"," 2072502.8"
"1"," 2202437.3"
"1"," 2070625.4"
"1"," 2063604.6"
"1","
"
"1"," [805]"
"1"," 1513186.3"
"1"," 1145028.6"
"1","  959110.0"
"1","  835967.1"
"1","  565179.6"
"1","  411696.3"
"1"," 1080154.5"
"1"," 1109878.5"
"1"," 1118748.8"
"1"," 1477085.4"
"1"," 1651451.9"
"1"," 1552388.7"
"1","
"
"1"," [817]"
"1"," 1740400.9"
"1"," 1931025.2"
"1"," 2054060.7"
"1"," 2210349.5"
"1"," 2064423.7"
"1"," 2083328.6"
"1"," 1539705.7"
"1"," 1155190.5"
"1","  957708.4"
"1","  844952.0"
"1","  574112.4"
"1","  419456.4"
"1","
"
"1"," [829]"
"1"," 1070649.7"
"1"," 1112209.2"
"1"," 1109599.6"
"1"," 1461475.4"
"1"," 1651065.8"
"1"," 1560518.2"
"1"," 1715091.6"
"1"," 1943398.1"
"1"," 2033094.8"
"1"," 2218134.4"
"1"," 2057733.4"
"1"," 2102807.9"
"1","
"
"1"," [841]"
"1"," 1567064.4"
"1"," 1164246.8"
"1","  955559.9"
"1","  854907.7"
"1","  583222.8"
"1","  427144.0"
"1"," 1060324.2"
"1"," 1114363.8"
"1"," 1101686.0"
"1"," 1445195.7"
"1"," 1650033.2"
"1"," 1569481.8"
"1","
"
"1"," [853]"
"1"," 1690445.9"
"1"," 1955228.7"
"1"," 2012293.7"
"1"," 2224776.2"
"1"," 2052448.7"
"1"," 2120394.8"
"1"," 1594577.7"
"1"," 1173426.5"
"1","  954138.8"
"1","  864691.3"
"1","  592289.5"
"1","  435026.9"
"1","
"
"1"," [865]"
"1"," 1049495.7"
"1"," 1115745.4"
"1"," 1094798.7"
"1"," 1429038.9"
"1"," 1648908.7"
"1"," 1577956.9"
"1"," 1669478.5"
"1"," 1962373.8"
"1"," 1994346.0"
"1"," 2229259.1"
"1"," 2050463.3"
"1"," 2134441.3"
"1","
"
"1"," [877]"
"1"," 1621560.9"
"1"," 1183958.2"
"1","  954919.7"
"1","  873159.8"
"1","  601091.4"
"1","  443373.0"
"1"," 1038064.2"
"1"," 1116266.7"
"1"," 1089295.2"
"1"," 1412713.8"
"1"," 1647381.2"
"1"," 1586389.9"
"1","
"
"1"," [889]"
"1"," 1651602.7"
"1"," 1965834.1"
"1"," 1978449.1"
"1"," 2231891.5"
"1"," 2051958.2"
"1"," 2145062.0"
"1"," 1648022.3"
"1"," 1195156.9"
"1","  957741.6"
"1","  880683.7"
"1","  609648.0"
"1","  452104.8"
"1","
"
"1"," [901]"
"1"," 1025793.6"
"1"," 1116353.9"
"1"," 1085345.7"
"1"," 1395631.3"
"1"," 1645043.1"
"1"," 1595755.1"
"1"," 1634614.2"
"1"," 1968635.5"
"1"," 1962648.7"
"1"," 2233420.3"
"1"," 2055542.9"
"1"," 2153456.7"
"1","
"
"1"," [913]"
"1"," 1674448.9"
"1"," 1206121.4"
"1","  961537.7"
"1","  888110.8"
"1","  618115.9"
"1","  461026.4"
"1"," 1012797.5"
"1"," 1116179.9"
"1"," 1082460.3"
"1"," 1378137.2"
"1"," 1642303.4"
"1"," 1605522.5"
"1","
"
"1"," [925]"
"1"," 1619101.0"
"1"," 1969672.5"
"1"," 1947905.5"
"1"," 2233486.4"
"1"," 2060754.2"
"1"," 2159605.1"
"1"," 1700874.9"
"1"," 1217756.4"
"1","  966423.4"
"1","  895015.1"
"1","  626479.4"
"1","  470228.0"
"1","
"
"1"," [937]"
"1","  999189.5"
"1"," 1115917.8"
"1"," 1080149.3"
"1"," 1360577.0"
"1"," 1639571.2"
"1"," 1615162.3"
"1"," 1605651.1"
"1"," 1967839.7"
"1"," 1935180.4"
"1"," 2231731.0"
"1"," 2067129.1"
"1"," 2163486.7"
"1","
"
"1"," [949]"
"1"," 1727334.2"
"1"," 1230966.6"
"1","  972513.9"
"1","  900970.3"
"1","  634723.0"
"1","  479799.6"
"1","  984911.9"
"1"," 1115505.8"
"1"," 1078614.7"
"1"," 1342797.9"
"1"," 1636708.5"
"1"," 1624875.7"
"1","
"
"1"," [961]"
"1"," 1594037.1"
"1"," 1963537.3"
"1"," 1924154.1"
"1"," 2228311.7"
"1"," 2074749.3"
"1"," 2165135.3"
"1"," 1753780.7"
"1"," 1245448.8"
"1","  979765.9"
"1","  906164.8"
"1","  642841.9"
"1","  489709.3"
"1","
"
"1"," [973]"
"1","  969871.2"
"1"," 1114799.0"
"1"," 1078262.4"
"1"," 1324515.6"
"1"," 1633378.6"
"1"," 1635100.2"
"1"," 1583776.0"
"1"," 1957674.6"
"1"," 1914036.6"
"1"," 2223523.7"
"1"," 2083995.7"
"1"," 2164569.0"
"1","
"
"1"," [985]"
"1"," 1780187.6"
"1"," 1260456.5"
"1","  988085.4"
"1","  910950.0"
"1","  650848.5"
"1","  499882.7"
"1","  954128.1"
"1"," 1113845.4"
"1"," 1078907.7"
"1"," 1305877.8"
"1"," 1629691.9"
"1"," 1645659.7"
"1","
"
"1"," [997]"
"1"," 1575072.2"
"1"," 1949909.2"
"1"," 1905081.7"
"1"," 2217214.2"
"1","
"
"1"," [ reached getOption(""max.print"") -- omitted 98 entries ]
"
"1","
"
"1","$W
"
"1"," [1]"
"1"," 0.069"
"1"," 0.073"
"1"," 0.073"
"1"," 0.072"
"1"," 0.066"
"1"," 0.065"
"1"," 0.071"
"1"," 0.081"
"1"," 0.082"
"1"," 0.072"
"1"," 0.063"
"1"," 0.048"
"1"," 0.039"
"1"," 0.034"
"1"," 0.032"
"1"," 0.027"
"1"," 0.018"
"1"," 0.016"
"1","
"
"1","
"
"1","$M1
"
"1","[1]"
"1"," 15"
"1","
"
"1","
"
"1","$M2
"
"1","[1]"
"1"," 30"
"1","
"
"1","
"
"1","$C1
"
"1","[1]"
"1"," 1.5"
"1","
"
"1","
"
"1","$C2
"
"1","[1]"
"1"," 2"
"1","
"
"1","
"
